participant,age,sex,sexuality,race,country,domain,native_english
102,18,female,heterosexual,hispanic/latino,United States,"Gender (2), Clinton-Trump, or Rich-Poor",NA
107,20,female,heterosexual,black,United States,"Gender (2), Clinton-Trump, or Rich-Poor",NA
108,19,female,heterosexual,black,United States,"Gender (2), Clinton-Trump, or Rich-Poor",NA
113,18,female,heterosexual,white,United States,"Gender (2), Clinton-Trump, or Rich-Poor",NA
119,18,female,heterosexual,black,United States,"Gender (2), Clinton-Trump, or Rich-Poor",NA
120,18,female,heterosexual,white,United States,"Gender (2), Clinton-Trump, or Rich-Poor",NA
137,18,female,heterosexual,black,United States,"Gender (2), Clinton-Trump, or Rich-Poor",NA
138,20,female,heterosexual,hispanic/latino,United States,"Gender (2), Clinton-Trump, or Rich-Poor",NA
144,18,female,heterosexual,black,United States,"Gender (2), Clinton-Trump, or Rich-Poor",NA
149,18,female,heterosexual,black,United States,"Gender (2), Clinton-Trump, or Rich-Poor",NA
150,18,female,heterosexual,white,United States,"Gender (2), Clinton-Trump, or Rich-Poor",NA
155,24,male,heterosexual,saudi arabia,Saudi Arabia,"Gender (2), Clinton-Trump, or Rich-Poor",NA
156,19,female,homosexual,white,United States,"Gender (2), Clinton-Trump, or Rich-Poor",NA
161,18,male,heterosexual,white,United States,"Gender (2), Clinton-Trump, or Rich-Poor",NA
162,18,female,homosexual,black,United States,"Gender (2), Clinton-Trump, or Rich-Poor",NA
168,24,male,heterosexual,white,United States,"Gender (2), Clinton-Trump, or Rich-Poor",NA
179,18,female,bisexual,hispanic and african-american,United States,"Gender (2), Clinton-Trump, or Rich-Poor",NA
180,18,female,heterosexual,black,United States,"Gender (2), Clinton-Trump, or Rich-Poor",NA
185,18,female,heterosexual,black,United States,"Gender (2), Clinton-Trump, or Rich-Poor",NA
186,18,female,heterosexual,black,United States,"Gender (2), Clinton-Trump, or Rich-Poor",NA
197,18,male,heterosexual,black,United States,"Gender (2), Clinton-Trump, or Rich-Poor",NA
221,18,female,heterosexual,black,United States,"Gender (2), Clinton-Trump, or Rich-Poor",NA
222,18,female,homosexual,black,United States,"Gender (2), Clinton-Trump, or Rich-Poor",NA
269,18,female,heterosexual,black,United States,"Gender (2), Clinton-Trump, or Rich-Poor",NA
270,21,female,heterosexual,black,United States,"Gender (2), Clinton-Trump, or Rich-Poor",NA
275,19,female,heterosexual,black,United States,"Gender (2), Clinton-Trump, or Rich-Poor",NA
281,18,female,heterosexual,white,United States,"Gender (2), Clinton-Trump, or Rich-Poor",NA
288,22,male,heterosexual,asian,Saudi Arabia,"Gender (2), Clinton-Trump, or Rich-Poor",NA
294,19,female,heterosexual,black,United States,"Gender (2), Clinton-Trump, or Rich-Poor",NA
300,20,male,heterosexual,black,United States,"Gender (2), Clinton-Trump, or Rich-Poor",NA
305,20,male,bisexual,black,United States,"Gender (2), Clinton-Trump, or Rich-Poor",NA
702,21,male,heterosexual,asian,Japan,"Gender (2), Clinton-Trump, or Rich-Poor",NA
707,19,female,bisexual,hispanic/latino,United States,"Gender (2), Clinton-Trump, or Rich-Poor",NA
713,18,female,heterosexual,hispanic/latino,United States,"Gender (2), Clinton-Trump, or Rich-Poor",NA
714,18,male,heterosexual,black,United States,"Gender (2), Clinton-Trump, or Rich-Poor",NA
719,18,male,heterosexual,white,United States,"Gender (2), Clinton-Trump, or Rich-Poor",NA
720,21,female,heterosexual,white,United States,"Gender (2), Clinton-Trump, or Rich-Poor",NA
731,18,male,heterosexual,black,United States,"Gender (2), Clinton-Trump, or Rich-Poor",NA
732,18,female,heterosexual,black,United States,"Gender (2), Clinton-Trump, or Rich-Poor",NA
743,19,female,heterosexual,black,United States,"Gender (2), Clinton-Trump, or Rich-Poor",NA
744,19,female,heterosexual,black,United States,"Gender (2), Clinton-Trump, or Rich-Poor",NA
755,18,male,heterosexual,black,United States,"Gender (2), Clinton-Trump, or Rich-Poor",NA
756,20,male,heterosexual,black,United States,"Gender (2), Clinton-Trump, or Rich-Poor",NA
761,19,female,heterosexual,white,United States,"Gender (2), Clinton-Trump, or Rich-Poor",NA
762,18,female,heterosexual,black,United States,"Gender (2), Clinton-Trump, or Rich-Poor",NA
785,18,female,heterosexual,black,United States,"Gender (2), Clinton-Trump, or Rich-Poor",NA
786,18,female,bisexual,black,United States,"Gender (2), Clinton-Trump, or Rich-Poor",NA
791,18,male,heterosexual,white,United States,"Gender (2), Clinton-Trump, or Rich-Poor",NA
792,19,female,heterosexual,black,United States,"Gender (2), Clinton-Trump, or Rich-Poor",NA
797,18,female,heterosexual,black,United States,"Gender (2), Clinton-Trump, or Rich-Poor",NA
798,18,male,heterosexual,hispanic/latino,United States,"Gender (2), Clinton-Trump, or Rich-Poor",NA
804,19,female,heterosexual,black,United States,"Gender (2), Clinton-Trump, or Rich-Poor",NA
810,19,female,bisexual,white,United States,"Gender (2), Clinton-Trump, or Rich-Poor",NA
816,18,male,heterosexual,black,United States,"Gender (2), Clinton-Trump, or Rich-Poor",NA
821,18,male,heterosexual,hispanic/latino,Mexico,"Gender (2), Clinton-Trump, or Rich-Poor",NA
822,18,male,heterosexual,white,United States,"Gender (2), Clinton-Trump, or Rich-Poor",NA
828,18,female,heterosexual,white,United States,"Gender (2), Clinton-Trump, or Rich-Poor",NA
845,19,female,heterosexual,white,United States,"Gender (2), Clinton-Trump, or Rich-Poor",NA
846,18,female,heterosexual,black,United States,"Gender (2), Clinton-Trump, or Rich-Poor",NA
851,19,female,heterosexual,black,United States,"Gender (2), Clinton-Trump, or Rich-Poor",NA
852,19,male,heterosexual,white,United States,"Gender (2), Clinton-Trump, or Rich-Poor",NA
857,18,female,heterosexual,black,United States,"Gender (2), Clinton-Trump, or Rich-Poor",NA
858,20,female,heterosexual,black,United States,"Gender (2), Clinton-Trump, or Rich-Poor",NA
863,18,male,heterosexual,hispanic/latino,United States,"Gender (2), Clinton-Trump, or Rich-Poor",NA
870,18,female,heterosexual,black,United States,"Gender (2), Clinton-Trump, or Rich-Poor",NA
893,21,male,heterosexual,white,United States,"Gender (2), Clinton-Trump, or Rich-Poor",NA
894,18,female,heterosexual,black,United States,"Gender (2), Clinton-Trump, or Rich-Poor",NA
115,18,male,homosexual,white,United States,"Gender (2), Clinton-Trump, or Rich-Poor",NA
116,20,female,heterosexual,black,United States,"Gender (2), Clinton-Trump, or Rich-Poor",NA
121,18,female,bisexual,american indian/alaska native,United States,"Gender (2), Clinton-Trump, or Rich-Poor",NA
128,18,female,heterosexual,white,United States,"Gender (2), Clinton-Trump, or Rich-Poor",NA
133,20,male,heterosexual,black,United States,"Gender (2), Clinton-Trump, or Rich-Poor",NA
139,18,female,heterosexual,white,United States,"Gender (2), Clinton-Trump, or Rich-Poor",NA
140,18,female,heterosexual,black,United States,"Gender (2), Clinton-Trump, or Rich-Poor",NA
145,18,female,heterosexual,black,United States,"Gender (2), Clinton-Trump, or Rich-Poor",NA
158,18,female,bisexual,hispanic/latino,United States,"Gender (2), Clinton-Trump, or Rich-Poor",NA
163,18,female,bisexual,white,United States,"Gender (2), Clinton-Trump, or Rich-Poor",NA
164,19,male,homosexual,white,United States,"Gender (2), Clinton-Trump, or Rich-Poor",NA
175,19,female,heterosexual,white,United States,"Gender (2), Clinton-Trump, or Rich-Poor",NA
176,19,female,heterosexual,black,United States,"Gender (2), Clinton-Trump, or Rich-Poor",NA
181,18,male,heterosexual,white,United States,"Gender (2), Clinton-Trump, or Rich-Poor",NA
182,18,female,heterosexual,white,United States,"Gender (2), Clinton-Trump, or Rich-Poor",NA
187,18,female,heterosexual,black,United States,"Gender (2), Clinton-Trump, or Rich-Poor",NA
193,18,female,homosexual,white,United States,"Gender (2), Clinton-Trump, or Rich-Poor",NA
199,18,female,heterosexual,black,United States,"Gender (2), Clinton-Trump, or Rich-Poor",NA
224,18,female,heterosexual,white,United States,"Gender (2), Clinton-Trump, or Rich-Poor",NA
265,18,female,heterosexual,white,United States,"Gender (2), Clinton-Trump, or Rich-Poor",NA
266,19,female,heterosexual,black,United States,"Gender (2), Clinton-Trump, or Rich-Poor",NA
271,18,female,heterosexual,black,United States,"Gender (2), Clinton-Trump, or Rich-Poor",NA
272,18,female,heterosexual,black,United States,"Gender (2), Clinton-Trump, or Rich-Poor",NA
278,18,female,heterosexual,white,United States,"Gender (2), Clinton-Trump, or Rich-Poor",NA
284,18,female,heterosexual,black,United States,"Gender (2), Clinton-Trump, or Rich-Poor",NA
289,18,male,heterosexual,black,United States,"Gender (2), Clinton-Trump, or Rich-Poor",NA
290,18,female,heterosexual,black,United States,"Gender (2), Clinton-Trump, or Rich-Poor",NA
295,19,female,heterosexual,black,United States,"Gender (2), Clinton-Trump, or Rich-Poor",NA
296,19,female,heterosexual,black,United States,"Gender (2), Clinton-Trump, or Rich-Poor",NA
307,18,female,heterosexual,white,United States,"Gender (2), Clinton-Trump, or Rich-Poor",NA
703,18,female,heterosexual,black,United States,"Gender (2), Clinton-Trump, or Rich-Poor",NA
704,18,female,heterosexual,white,United States,"Gender (2), Clinton-Trump, or Rich-Poor",NA
709,21,male,homosexual,white,United States,"Gender (2), Clinton-Trump, or Rich-Poor",NA
715,19,other,homosexual,white,United States,"Gender (2), Clinton-Trump, or Rich-Poor",NA
716,19,male,heterosexual,black,United States,"Gender (2), Clinton-Trump, or Rich-Poor",NA
721,19,female,heterosexual,black,United States,"Gender (2), Clinton-Trump, or Rich-Poor",NA
727,18,female,heterosexual,black,United States,"Gender (2), Clinton-Trump, or Rich-Poor",NA
728,19,female,heterosexual,black,United States,"Gender (2), Clinton-Trump, or Rich-Poor",NA
733,19,female,heterosexual,black,United States,"Gender (2), Clinton-Trump, or Rich-Poor",NA
734,19,female,heterosexual,black,United States,"Gender (2), Clinton-Trump, or Rich-Poor",NA
739,21,female,heterosexual,white,United States,"Gender (2), Clinton-Trump, or Rich-Poor",NA
745,19,female,bisexual,black,United States,"Gender (2), Clinton-Trump, or Rich-Poor",NA
757,20,male,heterosexual,white,United States,"Gender (2), Clinton-Trump, or Rich-Poor",NA
763,19,female,heterosexual,white,United States,"Gender (2), Clinton-Trump, or Rich-Poor",NA
764,21,female,heterosexual,white,United States,"Gender (2), Clinton-Trump, or Rich-Poor",NA
782,19,female,heterosexual,black,United States,"Gender (2), Clinton-Trump, or Rich-Poor",NA
793,18,female,heterosexual,white,United States,"Gender (2), Clinton-Trump, or Rich-Poor",NA
800,18,female,heterosexual,black,Kenya,"Gender (2), Clinton-Trump, or Rich-Poor",NA
805,18,female,heterosexual,hispanic/latino,United States,"Gender (2), Clinton-Trump, or Rich-Poor",NA
811,18,female,heterosexual,black,United States,"Gender (2), Clinton-Trump, or Rich-Poor",NA
812,18,female,heterosexual,black,United States,"Gender (2), Clinton-Trump, or Rich-Poor",NA
823,19,male,heterosexual,black,United States,"Gender (2), Clinton-Trump, or Rich-Poor",NA
824,19,female,heterosexual,white,United States,"Gender (2), Clinton-Trump, or Rich-Poor",NA
829,18,male,heterosexual,black,United States,"Gender (2), Clinton-Trump, or Rich-Poor",NA
836,18,female,heterosexual,hispanic/latino,United States,"Gender (2), Clinton-Trump, or Rich-Poor",NA
848,18,male,heterosexual,white,United States,"Gender (2), Clinton-Trump, or Rich-Poor",NA
859,18,male,heterosexual,hispanic/latino,United States,"Gender (2), Clinton-Trump, or Rich-Poor",NA
860,19,male,heterosexual,black,United States,"Gender (2), Clinton-Trump, or Rich-Poor",NA
866,22,female,bisexual,white,United States,"Gender (2), Clinton-Trump, or Rich-Poor",NA
871,19,female,heterosexual,white,United States,"Gender (2), Clinton-Trump, or Rich-Poor",NA
895,18,female,heterosexual,hispanic/latino,United States,"Gender (2), Clinton-Trump, or Rich-Poor",NA
896,18,female,heterosexual,white,United States,"Gender (2), Clinton-Trump, or Rich-Poor",NA
105,19,female,heterosexual,asian,United States,"Gender (2), Clinton-Trump, or Rich-Poor",NA
106,18,female,heterosexual,hispanic/latino,United States,"Gender (2), Clinton-Trump, or Rich-Poor",NA
123,18,male,heterosexual,black,Ethiopia,"Gender (2), Clinton-Trump, or Rich-Poor",NA
124,18,female,heterosexual,white,United States,"Gender (2), Clinton-Trump, or Rich-Poor",NA
129,18,female,heterosexual,white,United States,"Gender (2), Clinton-Trump, or Rich-Poor",NA
130,20,female,heterosexual,black,United States,"Gender (2), Clinton-Trump, or Rich-Poor",NA
136,18,female,heterosexual,black,United States,"Gender (2), Clinton-Trump, or Rich-Poor",NA
147,19,female,heterosexual,white,United States,"Gender (2), Clinton-Trump, or Rich-Poor",NA
148,18,female,homosexual,hispanic/latino,United States,"Gender (2), Clinton-Trump, or Rich-Poor",NA
154,18,male,heterosexual,white,United States,"Gender (2), Clinton-Trump, or Rich-Poor",NA
159,18,male,heterosexual,black,United States,"Gender (2), Clinton-Trump, or Rich-Poor",NA
165,18,female,bisexual,black,United States,"Gender (2), Clinton-Trump, or Rich-Poor",NA
166,18,male,heterosexual,white,United States,"Gender (2), Clinton-Trump, or Rich-Poor",NA
177,18,female,heterosexual,multi-racial,United States,"Gender (2), Clinton-Trump, or Rich-Poor",NA
178,18,female,heterosexual,black,United States,"Gender (2), Clinton-Trump, or Rich-Poor",NA
183,18,female,heterosexual,white,United States,"Gender (2), Clinton-Trump, or Rich-Poor",NA
184,19,female,heterosexual,white,United States,"Gender (2), Clinton-Trump, or Rich-Poor",NA
195,18,female,heterosexual,black,United States,"Gender (2), Clinton-Trump, or Rich-Poor",NA
219,18,female,heterosexual,hispanic/latino,United States,"Gender (2), Clinton-Trump, or Rich-Poor",NA
225,19,female,heterosexual,hispanic/latino,United States,"Gender (2), Clinton-Trump, or Rich-Poor",NA
267,18,female,heterosexual,white,United States,"Gender (2), Clinton-Trump, or Rich-Poor",NA
268,18,female,heterosexual,hispanic/latino,United States,"Gender (2), Clinton-Trump, or Rich-Poor",NA
279,18,female,heterosexual,white,United States,"Gender (2), Clinton-Trump, or Rich-Poor",NA
280,19,female,heterosexual,black,United States,"Gender (2), Clinton-Trump, or Rich-Poor",NA
285,20,male,heterosexual,white,United States,"Gender (2), Clinton-Trump, or Rich-Poor",NA
286,18,male,heterosexual,hispanic/latino,United States,"Gender (2), Clinton-Trump, or Rich-Poor",NA
291,18,male,heterosexual,white,United States,"Gender (2), Clinton-Trump, or Rich-Poor",NA
297,18,female,bisexual,white,United States,"Gender (2), Clinton-Trump, or Rich-Poor",NA
298,20,female,heterosexual,black,United States,"Gender (2), Clinton-Trump, or Rich-Poor",NA
303,18,female,heterosexual,black,United States,"Gender (2), Clinton-Trump, or Rich-Poor",NA
304,18,female,bisexual,white,United States,"Gender (2), Clinton-Trump, or Rich-Poor",NA
705,19,female,heterosexual,white,United States,"Gender (2), Clinton-Trump, or Rich-Poor",NA
706,19,male,heterosexual,black,United States,"Gender (2), Clinton-Trump, or Rich-Poor",NA
717,19,male,heterosexual,black,United States,"Gender (2), Clinton-Trump, or Rich-Poor",NA
718,18,female,heterosexual,white,United States,"Gender (2), Clinton-Trump, or Rich-Poor",NA
735,18,female,heterosexual,white,United States,"Gender (2), Clinton-Trump, or Rich-Poor",NA
736,18,female,heterosexual,black,United States,"Gender (2), Clinton-Trump, or Rich-Poor",NA
742,19,male,heterosexual,hispanic/latino,United States,"Gender (2), Clinton-Trump, or Rich-Poor",NA
748,18,male,heterosexual,hispanic/latino,United States,"Gender (2), Clinton-Trump, or Rich-Poor",NA
753,18,male,heterosexual,black,United States,"Gender (2), Clinton-Trump, or Rich-Poor",NA
759,21,male,heterosexual,white,United States,"Gender (2), Clinton-Trump, or Rich-Poor",NA
766,18,male,heterosexual,black,United States,"Gender (2), Clinton-Trump, or Rich-Poor",NA
783,18,female,heterosexual,asian,United States,"Gender (2), Clinton-Trump, or Rich-Poor",NA
784,19,male,heterosexual,black,United States,"Gender (2), Clinton-Trump, or Rich-Poor",NA
795,18,female,heterosexual,black,United States,"Gender (2), Clinton-Trump, or Rich-Poor",NA
801,21,male,heterosexual,asian,Nepal,"Gender (2), Clinton-Trump, or Rich-Poor",NA
802,22,male,heterosexual,arabic,Saudi arabia,"Gender (2), Clinton-Trump, or Rich-Poor",NA
807,18,male,homosexual,black,United States,"Gender (2), Clinton-Trump, or Rich-Poor",NA
808,18,female,heterosexual,black,United States,"Gender (2), Clinton-Trump, or Rich-Poor",NA
813,18,female,heterosexual,hispanic/latino,United States,"Gender (2), Clinton-Trump, or Rich-Poor",NA
814,18,male,heterosexual,white,United States,"Gender (2), Clinton-Trump, or Rich-Poor",NA
820,18,female,homosexual,black,The Bahamas,"Gender (2), Clinton-Trump, or Rich-Poor",NA
825,19,male,heterosexual,asian,United States,"Gender (2), Clinton-Trump, or Rich-Poor",NA
826,20,female,heterosexual,asian,Japan,"Gender (2), Clinton-Trump, or Rich-Poor",NA
837,18,male,heterosexual,black,United States,"Gender (2), Clinton-Trump, or Rich-Poor",NA
838,18,male,heterosexual,black,United States,"Gender (2), Clinton-Trump, or Rich-Poor",NA
843,18,female,heterosexual,black,United States,"Gender (2), Clinton-Trump, or Rich-Poor",NA
844,18,female,homosexual,white,United States,"Gender (2), Clinton-Trump, or Rich-Poor",NA
849,18,female,heterosexual,white,United States,"Gender (2), Clinton-Trump, or Rich-Poor",NA
855,18,female,heterosexual,black,United States,"Gender (2), Clinton-Trump, or Rich-Poor",NA
911,19,female,heterosexual,white,United States,"Gender (2), Clinton-Trump, or Rich-Poor",NA
101,18,female,heterosexual,asian,United States,"Gender (2), Clinton-Trump, or Rich-Poor",NA
114,19,female,heterosexual,white,United States,"Gender (2), Clinton-Trump, or Rich-Poor",NA
126,19,female,heterosexual,white,United States,"Gender (2), Clinton-Trump, or Rich-Poor",NA
131,20,female,heterosexual,black,United States,"Gender (2), Clinton-Trump, or Rich-Poor",NA
132,19,female,heterosexual,white,United States,"Gender (2), Clinton-Trump, or Rich-Poor",NA
167,19,male,heterosexual,white,United States,"Gender (2), Clinton-Trump, or Rich-Poor",NA
173,19,female,heterosexual,white,United States,"Gender (2), Clinton-Trump, or Rich-Poor",NA
174,18,female,heterosexual,white,United States,"Gender (2), Clinton-Trump, or Rich-Poor",NA
191,20,male,heterosexual,white,United States,"Gender (2), Clinton-Trump, or Rich-Poor",NA
192,19,male,heterosexual,white,United States,"Gender (2), Clinton-Trump, or Rich-Poor",NA
198,18,female,heterosexual,white,United States,"Gender (2), Clinton-Trump, or Rich-Poor",NA
287,27,male,heterosexual,white,United States,"Gender (2), Clinton-Trump, or Rich-Poor",NA
299,21,male,heterosexual,white,United States,"Gender (2), Clinton-Trump, or Rich-Poor",NA
306,19,male,heterosexual,white,United States,"Gender (2), Clinton-Trump, or Rich-Poor",NA
701,19,female,heterosexual,hispanic/latino,United States,"Gender (2), Clinton-Trump, or Rich-Poor",NA
737,19,female,heterosexual,white,United States,"Gender (2), Clinton-Trump, or Rich-Poor",NA
749,19,female,heterosexual,white,United States,"Gender (2), Clinton-Trump, or Rich-Poor",NA
750,20,female,heterosexual,white,United States,"Gender (2), Clinton-Trump, or Rich-Poor",NA
803,18,male,heterosexual,white,United States,"Gender (2), Clinton-Trump, or Rich-Poor",NA
827,18,female,bisexual,hispanic/latino,United States,"Gender (2), Clinton-Trump, or Rich-Poor",NA
864,20,female,heterosexual,black,United States,"Gender (2), Clinton-Trump, or Rich-Poor",NA
103,31,male,heterosexual,white,United States,"Gender (2), Clinton-Trump, or Rich-Poor",NA
104,18,female,heterosexual,white,United States,"Gender (2), Clinton-Trump, or Rich-Poor",NA
157,23,male,heterosexual,white,United States,"Gender (2), Clinton-Trump, or Rich-Poor",NA
169,23,female,bisexual,white,United States,"Gender (2), Clinton-Trump, or Rich-Poor",NA
188,18,female,heterosexual,white,United States,"Gender (2), Clinton-Trump, or Rich-Poor",NA
194,18,male,heterosexual,white,United States,"Gender (2), Clinton-Trump, or Rich-Poor",NA
223,18,male,heterosexual,white,United States,"Gender (2), Clinton-Trump, or Rich-Poor",NA
277,18,female,heterosexual,white,United States,"Gender (2), Clinton-Trump, or Rich-Poor",NA
301,18,female,homosexual,white,United States,"Gender (2), Clinton-Trump, or Rich-Poor",NA
302,20,male,heterosexual,asian,United States,"Gender (2), Clinton-Trump, or Rich-Poor",NA
710,22,male,heterosexual,american indian/alaska native,United States,"Gender (2), Clinton-Trump, or Rich-Poor",NA
746,19,female,heterosexual,white,United States,"Gender (2), Clinton-Trump, or Rich-Poor",NA
751,18,male,heterosexual,white,United States,"Gender (2), Clinton-Trump, or Rich-Poor",NA
758,19,female,heterosexual,white and hispanic,United States,"Gender (2), Clinton-Trump, or Rich-Poor",NA
788,18,female,heterosexual,white,United States,"Gender (2), Clinton-Trump, or Rich-Poor",NA
794,18,female,heterosexual,multi,United States,"Gender (2), Clinton-Trump, or Rich-Poor",NA
799,18,female,heterosexual,white,United States,"Gender (2), Clinton-Trump, or Rich-Poor",NA
818,20,male,heterosexual,white,United States,"Gender (2), Clinton-Trump, or Rich-Poor",NA
841,18,male,heterosexual,white,United States,"Gender (2), Clinton-Trump, or Rich-Poor",NA
853,18,female,heterosexual,white,United States,"Gender (2), Clinton-Trump, or Rich-Poor",NA
854,18,female,heterosexual,white,United States,"Gender (2), Clinton-Trump, or Rich-Poor",NA
890,19,female,heterosexual,white,United States,"Gender (2), Clinton-Trump, or Rich-Poor",NA
111,18,male,heterosexual,asian,United States,"Gender (2), Clinton-Trump, or Rich-Poor",NA
112,18,male,heterosexual,white,United States,"Gender (2), Clinton-Trump, or Rich-Poor",NA
117,18,female,heterosexual,white,United States,"Gender (2), Clinton-Trump, or Rich-Poor",NA
118,21,female,heterosexual,white,United States,"Gender (2), Clinton-Trump, or Rich-Poor",NA
142,19,male,heterosexual,white,United States,"Gender (2), Clinton-Trump, or Rich-Poor",NA
153,18,male,heterosexual,white,United States,"Gender (2), Clinton-Trump, or Rich-Poor",NA
160,18,female,heterosexual,white,United States,"Gender (2), Clinton-Trump, or Rich-Poor",NA
220,18,female,heterosexual,white,United States,"Gender (2), Clinton-Trump, or Rich-Poor",NA
273,19,female,heterosexual,white,United States,"Gender (2), Clinton-Trump, or Rich-Poor",NA
292,19,male,heterosexual,white,United States,"Gender (2), Clinton-Trump, or Rich-Poor",NA
724,18,female,heterosexual,white,United States,"Gender (2), Clinton-Trump, or Rich-Poor",NA
729,20,female,heterosexual,white,United States,"Gender (2), Clinton-Trump, or Rich-Poor",NA
741,18,male,heterosexual,white,United States,"Gender (2), Clinton-Trump, or Rich-Poor",NA
747,19,male,heterosexual,white,United States,"Gender (2), Clinton-Trump, or Rich-Poor",NA
754,19,male,heterosexual,white,United States,"Gender (2), Clinton-Trump, or Rich-Poor",NA
760,18,female,heterosexual,white,United States,"Gender (2), Clinton-Trump, or Rich-Poor",NA
765,19,female,heterosexual,white,United States,"Gender (2), Clinton-Trump, or Rich-Poor",NA
789,18,male,heterosexual,white,United States,"Gender (2), Clinton-Trump, or Rich-Poor",NA
790,18,female,heterosexual,white,United States,"Gender (2), Clinton-Trump, or Rich-Poor",NA
796,18,female,heterosexual,white,United States,"Gender (2), Clinton-Trump, or Rich-Poor",NA
819,18,female,heterosexual,black,United States,"Gender (2), Clinton-Trump, or Rich-Poor",NA
850,18,male,heterosexual,white,United States,"Gender (2), Clinton-Trump, or Rich-Poor",NA
862,18,female,heterosexual,white,United States,"Gender (2), Clinton-Trump, or Rich-Poor",NA
867,18,male,heterosexual,white,United States,"Gender (2), Clinton-Trump, or Rich-Poor",NA
868,19,male,heterosexual,hispanic/latino,United States,"Gender (2), Clinton-Trump, or Rich-Poor",NA
891,18,female,homosexual,white,United States,"Gender (2), Clinton-Trump, or Rich-Poor",NA
892,19,male,heterosexual,white,United States,"Gender (2), Clinton-Trump, or Rich-Poor",NA
912,18,female,heterosexual,white,United States,"Gender (2), Clinton-Trump, or Rich-Poor",NA
125,18,female,heterosexual,white,United States,"Gender (2), Clinton-Trump, or Rich-Poor",NA
143,23,male,heterosexual,white,United States,"Gender (2), Clinton-Trump, or Rich-Poor",NA
263,22,male,heterosexual,white,United States,"Gender (2), Clinton-Trump, or Rich-Poor",NA
264,30,male,heterosexual,saudi,KSA,"Gender (2), Clinton-Trump, or Rich-Poor",NA
276,21,male,heterosexual,white,United States,"Gender (2), Clinton-Trump, or Rich-Poor",NA
282,24,male,heterosexual,american indian/alaska native,United States,"Gender (2), Clinton-Trump, or Rich-Poor",NA
293,21,male,heterosexual,hispanic/latino,United States,"Gender (2), Clinton-Trump, or Rich-Poor",NA
708,18,male,heterosexual,white,United States,"Gender (2), Clinton-Trump, or Rich-Poor",NA
725,19,female,heterosexual,white,United States,"Gender (2), Clinton-Trump, or Rich-Poor",NA
726,18,female,heterosexual,hispanic/latino,United States,"Gender (2), Clinton-Trump, or Rich-Poor",NA
809,18,female,heterosexual,white,United States,"Gender (2), Clinton-Trump, or Rich-Poor",NA
815,18,female,heterosexual,white,United States,"Gender (2), Clinton-Trump, or Rich-Poor",NA
839,19,female,heterosexual,white,United States,"Gender (2), Clinton-Trump, or Rich-Poor",NA
840,19,male,heterosexual,white,United States,"Gender (2), Clinton-Trump, or Rich-Poor",NA
869,18,female,heterosexual,white,Syria,"Gender (2), Clinton-Trump, or Rich-Poor",NA
109,19,male,heterosexual,white,United States,"Gender (2), Clinton-Trump, or Rich-Poor",NA
110,19,male,heterosexual,white,United States,"Gender (2), Clinton-Trump, or Rich-Poor",NA
122,20,female,heterosexual,"asian, black, white",United States,"Gender (2), Clinton-Trump, or Rich-Poor",NA
127,20,female,bisexual,white,United States,"Gender (2), Clinton-Trump, or Rich-Poor",NA
134,29,male,heterosexual,white,United States,"Gender (2), Clinton-Trump, or Rich-Poor",NA
146,18,female,heterosexual,white,United States,"Gender (2), Clinton-Trump, or Rich-Poor",NA
151,20,male,heterosexual,white,United States,"Gender (2), Clinton-Trump, or Rich-Poor",NA
152,20,female,bisexual,white,United States,"Gender (2), Clinton-Trump, or Rich-Poor",NA
200,18,male,heterosexual,white,United States,"Gender (2), Clinton-Trump, or Rich-Poor",NA
218,18,female,homosexual,white,United States,"Gender (2), Clinton-Trump, or Rich-Poor",NA
283,18,female,heterosexual,hispanic/latino,United States,"Gender (2), Clinton-Trump, or Rich-Poor",NA
722,19,male,heterosexual,black,United States,"Gender (2), Clinton-Trump, or Rich-Poor",NA
740,19,female,homosexual,white,United States,"Gender (2), Clinton-Trump, or Rich-Poor",NA
752,19,female,heterosexual,white,United States,"Gender (2), Clinton-Trump, or Rich-Poor",NA
787,19,female,heterosexual,white,United States,"Gender (2), Clinton-Trump, or Rich-Poor",NA
806,19,male,homosexual,white,United States,"Gender (2), Clinton-Trump, or Rich-Poor",NA
817,20,male,heterosexual,white,United States,"Gender (2), Clinton-Trump, or Rich-Poor",NA
842,19,male,heterosexual,white,United States,"Gender (2), Clinton-Trump, or Rich-Poor",NA
865,19,female,heterosexual,black,United States,"Gender (2), Clinton-Trump, or Rich-Poor",NA
135,31,male,heterosexual,white,United States,"Gender (2), Clinton-Trump, or Rich-Poor",NA
141,18,female,heterosexual,white,United States,"Gender (2), Clinton-Trump, or Rich-Poor",NA
189,18,female,heterosexual,white,United States,"Gender (2), Clinton-Trump, or Rich-Poor",NA
190,24,female,heterosexual,white,United States,"Gender (2), Clinton-Trump, or Rich-Poor",NA
196,18,male,heterosexual,white,United States,"Gender (2), Clinton-Trump, or Rich-Poor",NA
274,19,female,heterosexual,white,United States,"Gender (2), Clinton-Trump, or Rich-Poor",NA
723,19,male,heterosexual,white,United States,"Gender (2), Clinton-Trump, or Rich-Poor",NA
730,18,female,bisexual,white,United States,"Gender (2), Clinton-Trump, or Rich-Poor",NA
856,18,male,heterosexual,white,Canada,"Gender (2), Clinton-Trump, or Rich-Poor",NA
861,18,male,homosexual,native hawaiian/other pacific islander,United States,"Gender (2), Clinton-Trump, or Rich-Poor",NA
897,23,male,heterosexual,hispanic/latino,United States,"Gender (2), Clinton-Trump, or Rich-Poor",NA
101,25,male,bisexual,asian,Other,Friend-Enemy or Lincoln-Hitler,No
102,20,male,heterosexual,black,United States,Friend-Enemy or Lincoln-Hitler,Yes
103,23,male,heterosexual,white,United States,Friend-Enemy or Lincoln-Hitler,Yes
104,18,male,heterosexual,white,United States,Friend-Enemy or Lincoln-Hitler,Yes
105,18,female,heterosexual,hispanic/latino,United States,Friend-Enemy or Lincoln-Hitler,No
106,17,male,heterosexual,black,United States,Friend-Enemy or Lincoln-Hitler,Yes
107,19,male,heterosexual,white,United States,Friend-Enemy or Lincoln-Hitler,Yes
108,18,female,heterosexual,black,United States,Friend-Enemy or Lincoln-Hitler,Yes
109,18,female,heterosexual,white,United States,Friend-Enemy or Lincoln-Hitler,No
110,19,female,heterosexual,asian,Other,Friend-Enemy or Lincoln-Hitler,No
111,19,male,heterosexual,white,United States,Friend-Enemy or Lincoln-Hitler,Yes
112,18,female,heterosexual,white,United States,Friend-Enemy or Lincoln-Hitler,Yes
113,19,female,homosexual,black,United States,Friend-Enemy or Lincoln-Hitler,Yes
114,18,female,bisexual,black,United States,Friend-Enemy or Lincoln-Hitler,Yes
115,19,male,heterosexual,black,United States,Friend-Enemy or Lincoln-Hitler,Yes
116,18,male,heterosexual,white,United States,Friend-Enemy or Lincoln-Hitler,Yes
117,19,male,heterosexual,white,United States,Friend-Enemy or Lincoln-Hitler,Yes
119,17,female,bisexual,black,United States,Friend-Enemy or Lincoln-Hitler,Yes
120,18,male,heterosexual,black,Other,Friend-Enemy or Lincoln-Hitler,Yes
121,19,male,heterosexual,white,United States,Friend-Enemy or Lincoln-Hitler,Yes
122,18,male,homosexual,black,United States,Friend-Enemy or Lincoln-Hitler,Yes
123,19,female,heterosexual,white,United States,Friend-Enemy or Lincoln-Hitler,Yes
124,18,female,heterosexual,white,United States,Friend-Enemy or Lincoln-Hitler,Yes
125,19,male,heterosexual,asian,United States,Friend-Enemy or Lincoln-Hitler,Yes
126,18,female,heterosexual,black,United States,Friend-Enemy or Lincoln-Hitler,Yes
127,18,female,heterosexual,hispanic/latino,United States,Friend-Enemy or Lincoln-Hitler,Yes
128,18,female,heterosexual,white,United States,Friend-Enemy or Lincoln-Hitler,Yes
129,18,female,heterosexual,white,United States,Friend-Enemy or Lincoln-Hitler,Yes
130,18,female,heterosexual,white,United States,Friend-Enemy or Lincoln-Hitler,Yes
131,18,female,heterosexual,black,United States,Friend-Enemy or Lincoln-Hitler,Yes
132,18,female,bisexual,black,United States,Friend-Enemy or Lincoln-Hitler,Yes
133,33,male,heterosexual,white,Other,Friend-Enemy or Lincoln-Hitler,No
135,23,male,heterosexual,asian,Other,Friend-Enemy or Lincoln-Hitler,No
136,18,female,heterosexual,white,United States,Friend-Enemy or Lincoln-Hitler,Yes
138,20,male,heterosexual,hispanic/latino,United States,Friend-Enemy or Lincoln-Hitler,No
139,NA,male,heterosexual,asian,Other,Friend-Enemy or Lincoln-Hitler,No
140,18,female,heterosexual,black,United States,Friend-Enemy or Lincoln-Hitler,Yes
141,20,male,heterosexual,white,United States,Friend-Enemy or Lincoln-Hitler,Yes
142,20,female,heterosexual,black,United States,Friend-Enemy or Lincoln-Hitler,Yes
143,25,female,heterosexual,Other,United States,Friend-Enemy or Lincoln-Hitler,Yes
145,18,female,heterosexual,hispanic/latino,United States,Friend-Enemy or Lincoln-Hitler,Yes
146,19,male,heterosexual,Other,United States,Friend-Enemy or Lincoln-Hitler,Yes
147,18,female,heterosexual,black,United States,Friend-Enemy or Lincoln-Hitler,Yes
148,17,male,heterosexual,black,United States,Friend-Enemy or Lincoln-Hitler,No
149,18,female,heterosexual,black,United States,Friend-Enemy or Lincoln-Hitler,Yes
150,30,male,heterosexual,hispanic/latino,Other,Friend-Enemy or Lincoln-Hitler,No
151,24,male,heterosexual,white,Other,Friend-Enemy or Lincoln-Hitler,No
201,21,male,heterosexual,white,Other,Friend-Enemy or Lincoln-Hitler,No
202,22,male,heterosexual,white,United States,Friend-Enemy or Lincoln-Hitler,Yes
203,20,male,heterosexual,black,United States,Friend-Enemy or Lincoln-Hitler,Yes
204,19,female,homosexual,black,United States,Friend-Enemy or Lincoln-Hitler,Yes
207,19,female,heterosexual,black,United States,Friend-Enemy or Lincoln-Hitler,Yes
208,18,male,heterosexual,white,United States,Friend-Enemy or Lincoln-Hitler,Yes
209,18,female,heterosexual,white,United States,Friend-Enemy or Lincoln-Hitler,Yes
211,18,female,heterosexual,hispanic/latino,United States,Friend-Enemy or Lincoln-Hitler,No
212,19,male,heterosexual,white,United States,Friend-Enemy or Lincoln-Hitler,Yes
213,18,female,heterosexual,white,United States,Friend-Enemy or Lincoln-Hitler,Yes
214,19,female,bisexual,black,United States,Friend-Enemy or Lincoln-Hitler,Yes
215,19,female,heterosexual,white,United States,Friend-Enemy or Lincoln-Hitler,Yes
216,18,female,heterosexual,black,United States,Friend-Enemy or Lincoln-Hitler,Yes
217,18,female,heterosexual,white,United States,Friend-Enemy or Lincoln-Hitler,Yes
218,18,male,heterosexual,Other,United States,Friend-Enemy or Lincoln-Hitler,Yes
301,17,female,heterosexual,black,United States,Friend-Enemy or Lincoln-Hitler,Yes
302,18,female,heterosexual,white,United States,Friend-Enemy or Lincoln-Hitler,Yes
303,19,female,heterosexual,black,United States,Friend-Enemy or Lincoln-Hitler,Yes
304,18,female,heterosexual,black,United States,Friend-Enemy or Lincoln-Hitler,Yes
305,18,female,heterosexual,black,United States,Friend-Enemy or Lincoln-Hitler,Yes
307,19,female,heterosexual,white,United States,Friend-Enemy or Lincoln-Hitler,Yes
308,18,female,heterosexual,hispanic/latino,United States,Friend-Enemy or Lincoln-Hitler,Yes
309,19,male,heterosexual,white,United States,Friend-Enemy or Lincoln-Hitler,Yes
310,18,female,heterosexual,hispanic/latino,United States,Friend-Enemy or Lincoln-Hitler,Yes
311,18,female,heterosexual,white,United States,Friend-Enemy or Lincoln-Hitler,Yes
312,19,male,heterosexual,white,United States,Friend-Enemy or Lincoln-Hitler,Yes
313,19,female,heterosexual,white,United States,Friend-Enemy or Lincoln-Hitler,Yes
314,19,female,heterosexual,white,United States,Friend-Enemy or Lincoln-Hitler,Yes
315,18,female,heterosexual,black,United States,Friend-Enemy or Lincoln-Hitler,Yes
316,18,female,heterosexual,white,United States,Friend-Enemy or Lincoln-Hitler,Yes
317,18,female,heterosexual,black,United States,Friend-Enemy or Lincoln-Hitler,Yes
318,19,female,heterosexual,black,United States,Friend-Enemy or Lincoln-Hitler,Yes
319,18,male,heterosexual,white,United States,Friend-Enemy or Lincoln-Hitler,Yes
320,18,male,heterosexual,white,United States,Friend-Enemy or Lincoln-Hitler,Yes
321,19,female,heterosexual,white,United States,Friend-Enemy or Lincoln-Hitler,Yes
322,19,female,bisexual,black,United States,Friend-Enemy or Lincoln-Hitler,Yes
323,19,male,heterosexual,Other,United States,Friend-Enemy or Lincoln-Hitler,Yes
324,18,female,heterosexual,white,United States,Friend-Enemy or Lincoln-Hitler,Yes
325,18,female,heterosexual,black,United States,Friend-Enemy or Lincoln-Hitler,Yes
326,18,male,heterosexual,white,United States,Friend-Enemy or Lincoln-Hitler,Yes
327,19,female,heterosexual,black,United States,Friend-Enemy or Lincoln-Hitler,Yes
328,18,female,heterosexual,hispanic/latino,Other,Friend-Enemy or Lincoln-Hitler,Yes
329,18,male,heterosexual,white,United States,Friend-Enemy or Lincoln-Hitler,Yes
330,19,female,heterosexual,white,United States,Friend-Enemy or Lincoln-Hitler,Yes
404,19,female,heterosexual,white,United States,Friend-Enemy or Lincoln-Hitler,Yes
405,18,female,bisexual,hispanic/latino,United States,Friend-Enemy or Lincoln-Hitler,Yes
406,19,female,heterosexual,black,United States,Friend-Enemy or Lincoln-Hitler,Yes
407,19,female,heterosexual,hispanic/latino,United States,Friend-Enemy or Lincoln-Hitler,Yes
408,19,male,heterosexual,white,Other,Friend-Enemy or Lincoln-Hitler,Yes
409,18,female,heterosexual,black,United States,Friend-Enemy or Lincoln-Hitler,Yes
410,18,female,bisexual,white,United States,Friend-Enemy or Lincoln-Hitler,Yes
411,17,male,heterosexual,asian,United States,Friend-Enemy or Lincoln-Hitler,Yes
412,18,male,heterosexual,white,United States,Friend-Enemy or Lincoln-Hitler,Yes
413,18,male,heterosexual,hispanic/latino,United States,Friend-Enemy or Lincoln-Hitler,No
414,21,female,bisexual,black,United States,Friend-Enemy or Lincoln-Hitler,Yes
415,18,female,heterosexual,hispanic/latino,United States,Friend-Enemy or Lincoln-Hitler,No
416,20,female,heterosexual,white,United States,Friend-Enemy or Lincoln-Hitler,Yes
417,19,male,heterosexual,hispanic/latino,United States,Friend-Enemy or Lincoln-Hitler,Yes
419,19,female,heterosexual,black,United States,Friend-Enemy or Lincoln-Hitler,Yes
420,18,female,heterosexual,black,United States,Friend-Enemy or Lincoln-Hitler,Yes
501,18,female,heterosexual,black,United States,Friend-Enemy or Lincoln-Hitler,Yes
502,19,female,heterosexual,black,United States,Friend-Enemy or Lincoln-Hitler,Yes
503,18,female,bisexual,white,United States,Friend-Enemy or Lincoln-Hitler,Yes
504,19,female,heterosexual,black,United States,Friend-Enemy or Lincoln-Hitler,Yes
505,18,female,bisexual,white,United States,Friend-Enemy or Lincoln-Hitler,Yes
4,33,male,NA,black,United States,Personality,NA
5,21,female,NA,white,United States,Personality,NA
6,21,female,NA,hispanic/latino,United States,Personality,NA
7,24,male,NA,white,United States,Personality,NA
8,24,male,NA,black,United States,Personality,NA
9,25,female,NA,white,United States,Personality,NA
10,23,male,NA,black,United States,Personality,NA
11,23,female,NA,hispanic/latino,United States,Personality,NA
12,29,female,NA,white,United States,Personality,NA
13,23,female,NA,black,United States,Personality,NA
14,22,female,NA,white,United States,Personality,NA
15,21,male,NA,black,United States,Personality,NA
16,21,female,NA,white,United States,Personality,NA
18,24,female,NA,black,United States,Personality,NA
19,21,female,NA,white,United States,Personality,NA
20,23,female,NA,black,United States,Personality,NA
21,21,female,NA,white,United States,Personality,NA
22,23,female,NA,white,United States,Personality,NA
23,23,female,NA,black,United States,Personality,NA
24,22,male,NA,white,United States,Personality,NA
25,22,female,NA,white,United States,Personality,NA
26,22,male,NA,white,United States,Personality,NA
27,32,male,NA,black,United States,Personality,NA
28,22,female,NA,white,United States,Personality,NA
29,28,female,NA,white,United States,Personality,NA
30,22,female,NA,black,United States,Personality,NA
31,21,male,NA,black,United States,Personality,NA
32,22,female,NA,white,United States,Personality,NA
33,22,female,NA,white,United States,Personality,NA
34,24,male,NA,black,Other,Personality,NA
35,21,male,NA,white,United States,Personality,NA
36,21,female,NA,black,United States,Personality,NA
37,21,male,NA,white,United States,Personality,NA
38,22,female,NA,white,United States,Personality,NA
39,22,female,NA,white,United States,Personality,NA
40,23,male,NA,white,United States,Personality,NA
41,21,female,NA,white,United States,Personality,NA
212,18,female,heterosexual,black,United Sates,Stigma,NA
101,18,female,heterosexual,black,United Sates,Stigma,NA
106,18,female,heterosexual,black,United Sates,Stigma,NA
108,18,female,heterosexual,white,United Sates,Stigma,NA
112,19,female,heterosexual,black,United Sates,Stigma,NA
113,18,female,heterosexual,black,United Sates,Stigma,NA
117,18,female,heterosexual,black,United Sates,Stigma,NA
119,18,male,heterosexual,white,United Sates,Stigma,NA
124,19,female,bisexual,white,Other (please specify),Stigma,NA
153,18,female,heterosexual,black,United Sates,Stigma,NA
155,18,female,heterosexual,black,United Sates,Stigma,NA
160,19,female,bisexual,asian,Other (please specify),Stigma,NA
162,18,female,heterosexual,black,United Sates,Stigma,NA
166,19,male,heterosexual,white,United Sates,Stigma,NA
167,18,female,heterosexual,black,United Sates,Stigma,NA
171,19,female,heterosexual,black,United Sates,Stigma,NA
173,20,male,heterosexual,white,United Sates,Stigma,NA
178,18,female,heterosexual,hispanic/latino,Other (please specify),Stigma,NA
180,19,female,heterosexual,hispanic/latino,United Sates,Stigma,NA
184,18,female,bisexual,white,United Sates,Stigma,NA
185,21,male,heterosexual,Other,Other (please specify),Stigma,NA
207,18,female,heterosexual,asian,United Sates,Stigma,NA
209,19,female,bisexual,black,United Sates,Stigma,NA
214,18,female,heterosexual,hispanic/latino,United Sates,Stigma,NA
217,18,female,heterosexual,black,United Sates,Stigma,NA
220,18,female,heterosexual,white,United Sates,Stigma,NA
221,18,male,heterosexual,white,United Sates,Stigma,NA
225,19,female,heterosexual,white,United Sates,Stigma,NA
227,19,male,heterosexual,white,United Sates,Stigma,NA
232,18,female,heterosexual,white,United Sates,Stigma,NA
234,20,female,heterosexual,white,United Sates,Stigma,NA
238,18,female,heterosexual,hispanic/latino,United Sates,Stigma,NA
239,19,male,heterosexual,white,United Sates,Stigma,NA
243,19,female,heterosexual,multiracial,United Sates,Stigma,NA
245,18,female,heterosexual,multiracial,United Sates,Stigma,NA
250,19,female,heterosexual,multiracial,United Sates,Stigma,NA
252,18,male,heterosexual,white,United Sates,Stigma,NA
256,18,female,heterosexual,hispanic/latino,United Sates,Stigma,NA
257,18,female,heterosexual,white,United Sates,Stigma,NA
261,18,female,heterosexual,hispanic/latino,United Sates,Stigma,NA
263,18,female,heterosexual,black,United Sates,Stigma,NA
268,21,female,heterosexual,white,United Sates,Stigma,NA
270,20,female,heterosexual,white,United Sates,Stigma,NA
310,18,female,heterosexual,white,United Sates,Stigma,NA
311,19,male,heterosexual,black,United Sates,Stigma,NA
315,18,female,heterosexual,white,United Sates,Stigma,NA
317,19,female,heterosexual,asian,Other (please specify),Stigma,NA
322,19,female,heterosexual,white,United Sates,Stigma,NA
324,18,female,heterosexual,black,United Sates,Stigma,NA
328,18,male,heterosexual,hispanic/latino,United Sates,Stigma,NA
329,19,female,heterosexual,white,United Sates,Stigma,NA
333,19,male,heterosexual,white,United Sates,Stigma,NA
335,18,female,heterosexual,white,United Sates,Stigma,NA
340,18,female,heterosexual,black,United Sates,Stigma,NA
342,22,male,heterosexual,black,United Sates,Stigma,NA
346,18,male,heterosexual,black,United Sates,Stigma,NA
347,19,male,heterosexual,black,United Sates,Stigma,NA
351,18,female,heterosexual,white,United Sates,Stigma,NA
353,18,male,heterosexual,black,United Sates,Stigma,NA
358,19,male,heterosexual,black,United Sates,Stigma,NA
360,18,male,heterosexual,white,United Sates,Stigma,NA
360.1,19,male,heterosexual,white,United Sates,Stigma,NA
102,19,male,heterosexual,white,United Sates,Stigma,NA
104,19,male,heterosexual,white,United Sates,Stigma,NA
109,18,female,homosexual,Other,United Sates,Stigma,NA
111,19,female,heterosexual,white,United Sates,Stigma,NA
115,20,female,heterosexual,white,United Sates,Stigma,NA
116,19,male,heterosexual,white,United Sates,Stigma,NA
120,18,female,heterosexual,black,United Sates,Stigma,NA
121,18,female,heterosexual,white,United Sates,Stigma,NA
122,18,female,heterosexual,black,United Sates,Stigma,NA
156,18,female,heterosexual,white,United Sates,Stigma,NA
158,19,female,heterosexual,white,United Sates,Stigma,NA
163,22,female,heterosexual,Other,Other (please specify),Stigma,NA
165,18,female,heterosexual,multiracial,United Sates,Stigma,NA
169,18,female,heterosexual,black,United Sates,Stigma,NA
170,18,male,heterosexual,hispanic/latino,United Sates,Stigma,NA
174,18,female,heterosexual,black,United Sates,Stigma,NA
176,20,male,heterosexual,white,United Sates,Stigma,NA
181,21,female,heterosexual,white,United Sates,Stigma,NA
183,19,male,heterosexual,white,United Sates,Stigma,NA
205,18,female,heterosexual,black,United Sates,Stigma,NA
206,38,female,heterosexual,white,United Sates,Stigma,NA
210,19,female,heterosexual,multiracial,United Sates,Stigma,NA
216,18,male,heterosexual,white,United Sates,Stigma,NA
219,18,female,heterosexual,black,United Sates,Stigma,NA
223,19,male,heterosexual,black,United Sates,Stigma,NA
224,19,female,heterosexual,black,United Sates,Stigma,NA
228,20,male,heterosexual,hispanic/latino,United Sates,Stigma,NA
230,18,male,heterosexual,black,United Sates,Stigma,NA
235,19,female,heterosexual,black,United Sates,Stigma,NA
237,18,male,heterosexual,black,United Sates,Stigma,NA
241,19,female,heterosexual,black,United Sates,Stigma,NA
242,18,female,heterosexual,white,United Sates,Stigma,NA
246,18,female,bisexual,white,United Sates,Stigma,NA
248,19,female,heterosexual,white,United Sates,Stigma,NA
253,21,male,heterosexual,multiracial,United Sates,Stigma,NA
255,17,female,heterosexual,black,United Sates,Stigma,NA
259,19,female,heterosexual,white,United Sates,Stigma,NA
260,19,male,heterosexual,white,United Sates,Stigma,NA
264,19,female,heterosexual,white,United Sates,Stigma,NA
266,21,female,heterosexual,hispanic/latino,United Sates,Stigma,NA
309,18,female,heterosexual,white,United Sates,Stigma,NA
313,24,male,bisexual,Other,Other (please specify),Stigma,NA
314,18,male,heterosexual,white,United Sates,Stigma,NA
318,19,female,heterosexual,white,United Sates,Stigma,NA
320,18,male,heterosexual,white,United Sates,Stigma,NA
325,19,female,heterosexual,black,United Sates,Stigma,NA
327,19,female,heterosexual,white,United Sates,Stigma,NA
331,18,female,heterosexual,black,United Sates,Stigma,NA
332,18,male,heterosexual,white,United Sates,Stigma,NA
336,19,male,heterosexual,white,United Sates,Stigma,NA
338,18,female,heterosexual,black,United Sates,Stigma,NA
343,18,female,heterosexual,black,United Sates,Stigma,NA
345,20,male,heterosexual,white,United Sates,Stigma,NA
349,21,female,heterosexual,white,United Sates,Stigma,NA
350,18,female,heterosexual,hispanic/latino,United Sates,Stigma,NA
354,19,male,homosexual,black,United Sates,Stigma,NA
356,18,female,heterosexual,black,United Sates,Stigma,NA
103,18,female,heterosexual,hispanic/latino,United Sates,Stigma,NA
105,20,male,heterosexual,white,United Sates,Stigma,NA
107,19,female,heterosexual,hispanic/latino,United Sates,Stigma,NA
110,18,male,heterosexual,white,United Sates,Stigma,NA
114,19,female,heterosexual,white,United Sates,Stigma,NA
118,18,female,heterosexual,black,United Sates,Stigma,NA
123,21,male,heterosexual,Other,Other (please specify),Stigma,NA
154,19,female,heterosexual,white,United Sates,Stigma,NA
157,17,female,heterosexual,hispanic/latino,United Sates,Stigma,NA
159,18,female,heterosexual,white,United Sates,Stigma,NA
161,19,male,heterosexual,hispanic/latino,United Sates,Stigma,NA
164,18,female,heterosexual,multiracial,United Sates,Stigma,NA
168,18,female,heterosexual,black,United Sates,Stigma,NA
172,19,female,heterosexual,hispanic/latino,United Sates,Stigma,NA
175,19,female,heterosexual,white,United Sates,Stigma,NA
177,18,female,bisexual,white,United Sates,Stigma,NA
179,20,female,heterosexual,white,United Sates,Stigma,NA
182,20,female,heterosexual,white,United Sates,Stigma,NA
208,18,male,heterosexual,black,United Sates,Stigma,NA
211,18,female,heterosexual,white,United Sates,Stigma,NA
213,19,female,heterosexual,black,United Sates,Stigma,NA
215,20,female,heterosexual,black,United Sates,Stigma,NA
218,18,female,heterosexual,white,United Sates,Stigma,NA
222,18,female,heterosexual,hispanic/latino,United Sates,Stigma,NA
226,18,female,bisexual,white,Other (please specify),Stigma,NA
229,18,female,bisexual,Other,United Sates,Stigma,NA
233,18,female,heterosexual,white,United Sates,Stigma,NA
236,18,female,heterosexual,hispanic/latino,United Sates,Stigma,NA
240,19,female,bisexual,white,United Sates,Stigma,NA
244,19,male,bisexual,white,United Sates,Stigma,NA
247,18,female,heterosexual,white,United Sates,Stigma,NA
249,19,female,heterosexual,white,United Sates,Stigma,NA
251,18,male,bisexual,multiracial,United Sates,Stigma,NA
254,18,female,bisexual,multiracial,United Sates,Stigma,NA
258,19,female,heterosexual,black,United Sates,Stigma,NA
262,18,male,heterosexual,white,United Sates,Stigma,NA
265,20,female,bisexual,white,United Sates,Stigma,NA
267,18,female,heterosexual,white,United Sates,Stigma,NA
269,19,male,heterosexual,white,United Sates,Stigma,NA
312,18,female,heterosexual,white,United Sates,Stigma,NA
316,18,male,heterosexual,white,United Sates,Stigma,NA
319,18,female,heterosexual,white,United Sates,Stigma,NA
321,18,female,heterosexual,white,United Sates,Stigma,NA
323,18,female,bisexual,black,United Sates,Stigma,NA
326,20,male,heterosexual,white,United Sates,Stigma,NA
330,19,male,heterosexual,white,United Sates,Stigma,NA
334,18,male,bisexual,black,United Sates,Stigma,NA
337,19,male,heterosexual,white,United Sates,Stigma,NA
339,18,female,heterosexual,black,United Sates,Stigma,NA
341,43,male,heterosexual,white,United Sates,Stigma,NA
344,18,female,bisexual,multiracial,United Sates,Stigma,NA
348,19,male,heterosexual,white,United Sates,Stigma,NA
352,18,female,heterosexual,black,United Sates,Stigma,NA
355,18,male,heterosexual,white,United Sates,Stigma,NA
357,19,female,heterosexual,white,United Sates,Stigma,NA
359,20,male,heterosexual,white,United Sates,Stigma,NA
